{
  "outcome": {
    "val_accuracy": 0.49632003903388977
  },
  "goals_home": {
    "val_mae": 0.98415207862854
  },
  "goals_away": {
    "val_mae": 0.8297458291053772
  }
}